gameId,pitcher_id,pitcher_name,batter_id,batter_name,description,type,startSpeed,endSpeed,strikeZoneTop,strikeZoneBottom,zone,x,y,pX,pY,verticalMovement,horizontalMovement
745992,682847,Luis L. Ortiz,676896,Chris Roller,Foul,Cutter,91.6,84.5,3.319,1.513,8,118.77,183.57,-0.0465660356759115,2.044840209262966,-26.0,1.3
745992,682847,Luis L. Ortiz,676896,Chris Roller,Swinging Strike,Slider,86.4,80.1,3.319,1.513,14,106.61,232.38,0.2725879652322449,0.23691114575230537,-38.4,-8.9
745992,682847,Luis L. Ortiz,676896,Chris Roller,Ball,Slider,86.5,80.9,3.43813892588105,1.60502087917185,14,105.8,209.26,0.29392132692304035,1.0933003669784247,-31.3,-4.2
745992,682847,Luis L. Ortiz,676896,Chris Roller,Foul,Cutter,92.7,85.5,3.319,1.513,9,105.24,183.88,0.3085337969803098,2.0335166242318574,-22.9,4.0
745992,682847,Luis L. Ortiz,676896,Chris Roller,Foul,Slider,85.0,77.7,3.319,1.513,13,150.7,177.68,-0.8841376916277368,2.262938262995509,-38.3,-8.9
745992,682847,Luis L. Ortiz,676896,Chris Roller,Swinging Strike,Four-Seam Fastball,96.7,87.8,3.319,1.513,11,128.24,140.73,-0.29492306672486013,3.631321370356748,-13.8,7.2
