gameId,pitcher_id,pitcher_name,batter_id,batter_name,description,type,startSpeed,endSpeed,strikeZoneTop,strikeZoneBottom,zone,x,y,pX,pY,verticalMovement,horizontalMovement
746505,687145,Evan Justice,683002,Gunnar Henderson,Ball,Sinker,90.7,83.3,3.57473056476994,1.56076893329389,13,169.53,176.05,-1.378119488808689,2.323340784504235,-22.0,-9.1
746505,687145,Evan Justice,683002,Gunnar Henderson,Ball,Sinker,91.5,84.4,3.45504057114668,1.73888758447873,13,162.97,175.86,-1.2061094441785019,2.3303637200398155,-23.0,-8.5
746505,687145,Evan Justice,683002,Gunnar Henderson,Ball,Four-Seam Fastball,91.1,84.4,3.49817641053744,1.67049238249275,1,141.16,144.02,-0.6338741110144029,3.509463649508985,-20.5,-4.6
746505,687145,Evan Justice,683002,Gunnar Henderson,Called Strike,Four-Seam Fastball,91.9,85.2,3.56285503529939,1.73476972025045,4,142.34,172.26,-0.6648605990112503,2.4638509410347478,-22.7,-7.7
746505,687145,Evan Justice,683002,Gunnar Henderson,Ball,Four-Seam Fastball,91.2,84.5,3.58666440084325,1.75862836487465,13,149.33,200.91,-0.848272292176289,1.4026011478065081,-20.5,-8.2
746505,687145,Evan Justice,650391,Eloy Jiménez,Called Strike,Sinker,92.3,84.4,3.50000206499586,1.87762202367657,13,153.21,175.36,-0.9499289693300565,2.348781677627698,-18.8,-9.4
746505,687145,Evan Justice,650391,Eloy Jiménez,Foul,Four-Seam Fastball,92.9,85.8,3.5,1.68,5,116.63,162.64,0.009794142320164316,2.8198814681760513,-20.8,-6.6
746505,687145,Evan Justice,650391,Eloy Jiménez,Swinging Strike,Slider,79.5,73.8,3.5,1.68,13,143.36,216.04,-0.6915220302093337,0.8422962846163791,-46.2,-1.7
