gameId,pitcher_id,pitcher_name,batter_id,batter_name,description,type,startSpeed,endSpeed,strikeZoneTop,strikeZoneBottom,zone,x,y,pX,pY,verticalMovement,horizontalMovement
746672,667478,Evan Kravetz,671732,Lawrence Butler,Forceout,Four-Seam Fastball,90.8,83.0,3.56,1.72,8,123.52,182.55,-0.17115655648652028,2.0824357478263638,-18.7,-12.5
746672,667478,Evan Kravetz,667670,Brent Rooker,Ball,Knuckle Curve,78.2,72.3,3.33234411570978,1.46003352397388,13,163.47,200.39,-1.2190960159098294,1.4218014312192917,-49.7,2.8
746672,667478,Evan Kravetz,667670,Brent Rooker,Ball,Four-Seam Fastball,90.7,84.0,3.30671430970089,1.48603656878313,13,131.94,234.03,-0.3919527640067548,0.17597884763964014,-15.6,-11.6
746672,667478,Evan Kravetz,667670,Brent Rooker,Forceout,Splitter,80.5,75.0,3.6,1.69,8,124.37,178.0,-0.1934222278528214,2.2509899761759034,-37.2,-7.6
