gameId,pitcher_id,pitcher_name,batter_id,batter_name,description,type,startSpeed,endSpeed,strikeZoneTop,strikeZoneBottom,zone,x,y,pX,pY,verticalMovement,horizontalMovement
746011,640902,Jhonny Pereda,681624,Andy Pages,Ball,Eephus,56.1,51.8,3.64829078031361,1.68960077528843,7,133.36,193.22,-0.42923139071168326,1.6873355157063699,-67.8,3.8
746011,640902,Jhonny Pereda,681624,Andy Pages,Ball,Eephus,65.1,59.4,3.61690866233431,1.62659009178358,11,177.76,134.33,-1.5938897843025135,3.8686675304955003,-45.7,6.4
746011,640902,Jhonny Pereda,681624,Andy Pages,Ball,Eephus,56.6,51.7,3.51463701748004,1.5875819749166,11,136.04,121.92,-0.4995692071398155,4.328134300219268,-66.0,0.8
746011,640902,Jhonny Pereda,681624,Andy Pages,Called Strike,Eephus,53.6,49.5,3.81765314543093,1.63719234931725,5,111.98,167.55,0.13179731062091543,2.638078032964821,-78.7,0.8
746011,640902,Jhonny Pereda,681624,Andy Pages,Lineout,Eephus,49.0,45.4,3.55,1.65,2,116.74,156.36,0.006833923015437688,3.052722367356988,-97.4,0.5
