gameId,pitcher_id,pitcher_name,batter_id,batter_name,description,type,startSpeed,endSpeed,strikeZoneTop,strikeZoneBottom,zone,x,y,pX,pY,verticalMovement,horizontalMovement
746303,679845,Nick Loftin,456781,Donovan Solano,Ball,Slider,48.3,45.6,3.30495525268827,1.51931725297258,13,117.28,218.75,-0.007279872114667104,0.7419371692470733,-97.8,6.6
746303,679845,Nick Loftin,456781,Donovan Solano,Ball,Slider,50.5,47.8,3.27552793824871,1.54866943795059,14,59.78,203.54,1.5010410427731125,1.3050715113766795,-90.7,6.4
746303,679845,Nick Loftin,456781,Donovan Solano,Called Strike,Fastball,60.8,56.7,3.33438438749634,1.60737811950941,9,86.04,185.71,0.8122743149257057,1.965484627702769,-58.0,8.4
746303,679845,Nick Loftin,456781,Donovan Solano,Foul,Fastball,61.6,57.4,3.2,1.46,14,77.9,201.73,1.025697076888381,1.3721473951067102,-54.8,10.1
746303,679845,Nick Loftin,456781,Donovan Solano,Groundout,Fastball,60.8,56.6,3.2,1.46,8,109.11,193.65,0.20690576467010424,1.6714294742944733,-54.5,5.2
746303,679845,Nick Loftin,701538,Jackson Merrill,Ball,Curveball,44.2,41.8,3.77604814826486,1.60737811950941,11,184.15,149.01,-1.7616606134404957,3.3248506739958454,-125.2,2.8
746303,679845,Nick Loftin,701538,Jackson Merrill,Single,Fastball,59.3,55.3,3.63,1.69,9,95.03,187.52,0.5764537471074471,1.8986876644122597,-61.1,9.7
746303,679845,Nick Loftin,669134,Luis Campusano,Grounded Into DP,Fastball,64.6,59.4,3.36,1.53,9,102.33,182.59,0.38493119364953526,2.0811576978960296,-50.6,10.0
