gameId,pitcher_id,pitcher_name,batter_id,batter_name,description,type,startSpeed,endSpeed,strikeZoneTop,strikeZoneBottom,zone,x,y,pX,pY,verticalMovement,horizontalMovement
744879,623168,Tyler Heineman,663743,Nick Fortes,Ball,Fastball,60.0,55.2,3.48813783792003,1.55916900632744,12,63.79,165.33,1.3959771478419178,2.7205079850839926,-54.8,1.9
744879,623168,Tyler Heineman,663743,Nick Fortes,Ball,Fastball,60.9,56.4,3.43436430675856,1.61277410367623,14,114.23,236.37,0.07260498792035933,0.08932381309537837,-50.9,3.8
744879,623168,Tyler Heineman,663743,Nick Fortes,Pop Out,Fastball,64.1,58.8,3.18,1.49,5,109.02,183.31,0.20922266976164586,2.054583132907558,-42.2,3.4
744879,623168,Tyler Heineman,669364,Xavier Edwards,Single,Fastball,61.2,55.9,3.25,1.45,4,134.27,173.0,-0.45304761042008,2.436202239611116,-50.9,4.6
744879,623168,Tyler Heineman,681393,Connor Norby,Foul,Fastball,62.3,57.7,3.41,1.6,12,76.81,170.61,1.0543328417988436,2.5248619041314395,-47.4,1.2
744879,623168,Tyler Heineman,681393,Connor Norby,Lineout,Fastball,67.1,61.7,3.41,1.6,12,78.39,165.95,1.0128059496201727,2.6972387064176466,-39.0,0.6
744879,623168,Tyler Heineman,669394,Jake Burger,Called Strike,Eephus,51.2,47.9,3.40793287675158,1.5584903866783,9,97.82,187.37,0.5032375172444952,1.9042020615127029,-82.6,1.6
744879,623168,Tyler Heineman,669394,Jake Burger,Pop Out,Eephus,48.8,45.4,3.28,1.53,11,156.65,155.55,-1.0401661756020117,3.082747825109144,-92.4,3.0
