gameId,pitcher_id,pitcher_name,batter_id,batter_name,description,type,startSpeed,endSpeed,strikeZoneTop,strikeZoneBottom,zone,x,y,pX,pY,verticalMovement,horizontalMovement
745541,642215,Weston Wilson,605170,Victor Caratini,Ball,Eephus,45.0,42.7,3.66896322205724,1.60086418081557,13,186.42,170.48,-1.8211127641478826,2.529744904924473,-120.2,6.0
745541,642215,Weston Wilson,605170,Victor Caratini,Called Strike,Fastball,50.6,47.7,3.64570980277205,1.68533116525497,8,124.25,184.51,-0.19017556379346384,2.0100559867336996,-91.1,7.4
745541,642215,Weston Wilson,605170,Victor Caratini,Groundout,Eephus,44.3,42.1,3.34,1.55,11,140.47,128.25,-0.6158419878552243,4.093540424448926,-123.1,6.0
745541,642215,Weston Wilson,592325,Ben Gamel,Single,Eephus,43.6,40.8,3.42,1.53,3,103.48,157.89,0.3547532100902814,2.9961066728382826,-124.9,4.2
745541,642215,Weston Wilson,676694,Jake Meyers,Flyout,Eephus,43.4,41.2,3.33,1.54,9,94.72,192.56,0.5845064155748224,1.7118644776106027,-129.5,8.0
745541,642215,Weston Wilson,701305,Zach Dezenzo,Ball,Eephus,41.7,39.5,3.42540809187491,1.60738371195064,11,178.98,143.97,-1.6261451784566392,3.5115930377004987,-142.3,6.8
745541,642215,Weston Wilson,701305,Zach Dezenzo,Ball,Eephus,41.6,39.3,3.50479430241101,1.63261644722238,11,192.47,130.75,-1.9798242604740792,4.001138173245613,-142.6,3.6
745541,642215,Weston Wilson,701305,Zach Dezenzo,Flyout,Eephus,45.0,42.5,3.35,1.6,6,98.26,170.5,0.4917291606719013,2.5289594573058407,-116.9,7.4
